{
  "n_features": 13,
  "n_training_samples": 30,
  "n_ad": 20,
  "n_control": 10,
  "pathway_ids": [
    "GO:0042181",
    "GO:0042098",
    "GO:0002832",
    "GO:0005604",
    "GO:0001525",
    "GO:0007565",
    "GO:0009790",
    "GO:0071396",
    "GO:0045017",
    "REAC:R-HSA-199991",
    "GO:0005622",
    "GO:0019430",
    "GO:0045916"
  ],
  "pathway_names": [
    "ketone biosynthetic process",
    "T cell proliferation",
    "negative regulation of response to biotic stimulus",
    "basement membrane",
    "angiogenesis",
    "female pregnancy",
    "embryo development",
    "cellular response to lipid",
    "glycerolipid biosynthetic process",
    "Membrane Trafficking",
    "intracellular anatomical structure",
    "removal of superoxide radicals",
    "negative regulation of complement activation"
  ],
  "pathway_directions": [
    "\u2191 in AD",
    "\u2193 in AD",
    "\u2193 in AD",
    "\u2193 in AD",
    "\u2191 in AD",
    "\u2193 in AD",
    "\u2193 in AD",
    "\u2193 in AD",
    "\u2191 in AD",
    "\u2191 in AD",
    "\u2193 in AD",
    "\u2193 in AD",
    "\u2193 in AD"
  ],
  "pathway_stability": [
    0.92,
    0.91,
    0.905,
    0.85,
    0.79,
    0.735,
    0.715,
    0.67,
    0.67,
    0.645,
    0.63,
    0.6,
    0.6
  ],
  "regularization_C": 0.0001,
  "training_accuracy": 1.0,
  "training_auc": 1.0,
  "intercept": 0.00138635874162764,
  "coefficients": {
    "GO:0042181": 0.0009930890725924958,
    "GO:0042098": -0.0008130778110856932,
    "GO:0002832": -0.0008882357571106203,
    "GO:0005604": -0.0008764391969565486,
    "GO:0001525": 0.000773786804666878,
    "GO:0007565": -0.0007425084596320337,
    "GO:0009790": -0.0006460606092821114,
    "GO:0071396": -0.0007358907901185618,
    "GO:0045017": 0.0005815102268512548,
    "REAC:R-HSA-199991": 0.0006817564456537914,
    "GO:0005622": -0.0006396841609475257,
    "GO:0019430": -0.0007389035995344738,
    "GO:0045916": -0.0007525503900107833
  },
  "feature_means": [
    -0.06847472441844218,
    -0.13608974153700076,
    0.3575235005645399,
    -0.20783928694896833,
    0.021091993111017338,
    -0.11477687025833869,
    0.3055491937816845,
    -0.23048880176642494,
    -0.07256493139493157,
    -0.2030870280698326,
    0.19302115285065663,
    0.2522080705596081,
    0.33510588706455197
  ],
  "feature_stds": [
    0.10887118706622062,
    0.187799387197501,
    0.06902592987591084,
    0.13068572881117027,
    0.06348857527253417,
    0.16557089243366951,
    0.06888397035287447,
    0.1717357358304439,
    0.16156394071644742,
    0.19548889155457125,
    0.03389591553665671,
    0.07162910101130533,
    0.047309359499515403
  ],
  "note": "POC model. Use nested LOOCV accuracy for true performance estimate."
}